<?xml version="1.0" encoding="UTF-8"?>
<project-private xmlns="http://www.netbeans.org/ns/project-private/1">
    <editor-bookmarks xmlns="http://www.netbeans.org/ns/editor-bookmarks/2" lastBookmarkId="0"/>
    <open-files xmlns="http://www.netbeans.org/ns/projectui-open-files/2">
        <group>
            <file>file:/E:/Felipe/Desktop/Uni/Programacion%20III/Laboratorio2/src/laboratorio2_1/MediayMediana.java</file>
            <file>file:/E:/Felipe/Desktop/Uni/Programacion%20III/Laboratorio2/src/laboratorio2_1/Main.java</file>
        </group>
    </open-files>
</project-private>
